index,output
501,0.6364
502,0.4274
503,0.7522
504,0.7609
505,0.1003
506,0.5488
507,0.0363
508,0.8079
509,0.6365
510,0.8390
511,0.0323
512,0.0332
513,0.8347
514,0.4723
515,0.0580
516,0.9340
517,0.2558
518,0.9771
519,0.8795
520,0.3717
521,0.0767
522,0.8394
523,0.6249
524,0.9043
525,0.6500
526,0.0965
527,0.9669
528,0.9275
529,0.6122
530,0.1561
531,0.3097
532,0.9105
533,0.5854
534,0.5193
535,0.9308
536,0.2942
537,0.0276
538,0.4727
539,0.9240
540,0.7983
541,0.3471
542,0.8948
543,0.7117
544,0.9052
545,0.0246
546,0.0551
547,0.0551
548,0.9477
549,0.7875
550,0.8563
551,0.4835
552,0.3296
553,0.9427
554,0.8437
555,0.0448
556,0.6148
557,0.1687
558,0.1409
559,0.0529
560,0.0503
561,0.0796
562,0.1426
563,0.0870
564,0.8746
565,0.4856
566,0.9026
567,0.9575
568,0.4838
569,0.4228
570,0.0542
571,0.3504
572,0.1741
573,0.9738
574,0.0707
575,0.8101
576,0.3668
577,0.6591
578,0.8918
579,0.0848
580,0.2428
581,0.0785
582,0.4679
583,0.6694
584,0.1554
585,0.8272
586,0.1337
587,0.2050
588,0.8077
589,0.2714
590,0.8970
591,0.2805
592,0.8860
593,0.3375
594,0.0148
595,0.2215
596,0.1210
597,0.2743
598,0.3534
599,0.4530
600,0.7658
601,0.0993
602,0.0316
603,0.7031
604,0.6187
605,0.0876
606,0.5828
607,0.7996
608,0.5000
609,0.0315
610,0.0570
611,0.5968
612,0.2476
613,0.7188
614,0.0461
615,0.0307
616,0.6643
617,0.0753
618,0.6697
619,0.2790
620,0.9445
621,0.2515
622,0.2185
623,0.0996
624,0.8985
625,0.1419
626,0.8896
627,0.3572
628,0.8190
629,0.6100
630,0.9061
631,0.3003
632,0.6316
633,0.8382
634,0.5726
635,0.2016
636,0.3841
637,0.0401
638,0.9459
639,0.8401
640,0.2583
641,0.6827
642,0.8409
643,0.6965
644,0.0607
645,0.3465
646,0.0547
647,0.4852
648,0.1755
649,0.0217
650,0.9597
651,0.8225
652,0.4254
653,0.7242
654,0.1302
655,0.8866
656,0.2567
657,0.0864
658,0.0990
659,0.8339
660,0.5625
661,0.8885
662,0.0294
663,0.8963
664,0.0800
665,0.9313
666,0.8982
667,0.1717
668,0.2587
669,0.8861
670,0.7148
671,0.3397
672,0.0260
673,0.8685
674,0.3801
675,0.9726
676,0.7697
677,0.0935
678,0.9490
679,0.8113
680,0.3717
681,0.3455
682,0.6645
683,0.9329
684,0.0983
685,0.4316
686,0.7747
687,0.4686
688,0.0230
689,0.3275
690,0.5140
691,0.3509
692,0.2108
693,0.3295
694,0.1074
695,0.8412
696,0.1457
697,0.2222
698,0.6467
699,0.1756
700,0.2602
701,0.0602
702,0.8100
703,0.8994
704,0.6656
705,0.9581
706,0.3909
707,0.0607
708,0.9485
709,0.1764
710,0.6923
711,0.0395
712,0.9450
713,0.6870
714,0.7111
715,0.5199
716,0.0557
717,0.5688
718,0.0849
719,0.3805
720,0.8332
721,0.7272
722,0.9148
723,0.6742
724,0.6761
725,0.0859
726,0.7864
727,0.5935
728,0.3414
729,0.0362
730,0.7216
731,0.4737
732,0.0934
733,0.1390
734,0.7056
735,0.0618
736,0.1937
737,0.8305
738,0.9588
739,0.0366
740,0.2813
741,0.7876
742,0.8971
743,0.2139
744,0.1258
745,0.9702
746,0.4604
747,0.3791
748,0.8475
749,0.6359
750,0.6632
751,0.0496
752,0.6128
753,0.4823
754,0.2690
755,0.2931
756,0.2720
757,0.0176
758,0.0877
759,0.0270
760,0.9266
761,0.9437
762,0.7471
763,0.2595
764,0.6023
765,0.2981
766,0.6308
767,0.3155
768,0.5936
769,0.0657
770,0.3413
771,0.9176
772,0.0508
773,0.7571
774,0.7258
775,0.9743
776,0.0686
777,0.0743
778,0.9642
779,0.8951
780,0.9126
781,0.4710
782,0.3083
783,0.4125
784,0.3004
785,0.0349
786,0.4513
787,0.0408
788,0.8813
789,0.6104
790,0.1411
791,0.2788
792,0.9761
793,0.0449
794,0.3366
795,0.0508
796,0.0539
797,0.8910
798,0.8805
799,0.5493
800,0.7904
801,0.9656
802,0.5819
803,0.7702
804,0.9596
805,0.1701
806,0.6158
807,0.0401
808,0.0593
809,0.0617
810,0.3745
811,0.1568
812,0.2656
813,0.3666
814,0.9491
815,0.0908
816,0.6174
817,0.6107
818,0.1383
819,0.0575
820,0.9561
821,0.7085
822,0.9418
823,0.4137
824,0.9057
825,0.2672
826,0.1831
827,0.9491
828,0.4240
829,0.2076
830,0.5089
831,0.8657
832,0.7410
833,0.3905
834,0.1922
835,0.2709
836,0.0298
837,0.2761
838,0.5991
839,0.0930
840,0.0861
841,0.4042
842,0.0939
843,0.3072
844,0.2303
845,0.2693
846,0.9263
847,0.1763
848,0.0467
849,0.2823
850,0.6825
851,0.1427
852,0.7407
853,0.9043
854,0.1234
855,0.0453
856,0.3708
857,0.0998
858,0.0913
859,0.2438
860,0.9557
861,0.3132
862,0.1760
863,0.0946
864,0.3570
865,0.2024
866,0.6756
867,0.3484
868,0.0400
869,0.1322
870,0.0190
871,0.9571
872,0.1230
873,0.2670
874,0.1060
875,0.3511
876,0.7908
877,0.3593
878,0.6818
879,0.8968
880,0.0729
881,0.6902
882,0.2168
883,0.5000
884,0.5348
885,0.2159
886,0.7507
887,0.5305
888,0.9183
889,0.6852
890,0.6072
891,0.0343
892,0.9811
893,0.8923
894,0.6596
895,0.9013
896,0.9809
897,0.1585
898,0.3463
899,0.9435
900,0.7764
901,0.0614
902,0.0785
903,0.7787
904,0.1515
905,0.2611
906,0.9587
907,0.8266
908,0.1753
909,0.1940
910,0.2754
911,0.8810
912,0.1750
913,0.8589
914,0.0645
915,0.6509
916,0.7332
917,0.9400
918,0.7797
919,0.0465
920,0.4741
921,0.7752
922,0.3352
923,0.9816
924,0.1965
925,0.9065
926,0.9150
927,0.3039
928,0.9475
929,0.9580
930,0.5215
931,0.2546
932,0.4225
933,0.0248
934,0.3481
935,0.8219
936,0.0418
937,0.3366
938,0.8001
939,0.0647
940,0.7913
941,0.0208
942,0.1619
943,0.9688
944,0.9665
945,0.1108
946,0.6545
947,0.4280
948,0.0935
949,0.6337
950,0.6004
951,0.0824
952,0.8646
953,0.9639
954,0.3920
955,0.9224
956,0.3819
957,0.3564
958,0.4754
959,0.0606
960,0.9351
961,0.3881
962,0.8111
963,0.3609
964,0.6074
965,0.0458
966,0.1453
967,0.0329
968,0.0391
969,0.3780
970,0.1079
971,0.0333
972,0.6319
973,0.3117
974,0.2108
975,0.7550
976,0.0669
977,0.6812
978,0.3498
979,0.7317
980,0.2695
981,0.1207
982,0.3029
983,0.0537
984,0.7291
985,0.6532
986,0.6330
987,0.0529
988,0.5733
989,0.5216
990,0.9039
991,0.0815
992,0.6864
993,0.9431
994,0.0853
995,0.8738
996,0.6991
997,0.3759
998,0.1457
999,0.1524
1000,0.4622
1001,0.2372
1002,0.9204
1003,0.1254
1004,0.1012
1005,0.6298
1006,0.0968
1007,0.2225
1008,0.1487
1009,0.2397
1010,0.6070
1011,0.9280
1012,0.1241
1013,0.8525
1014,0.4198
1015,0.4054
1016,0.8431
1017,0.9237
1018,0.8914
1019,0.0328
1020,0.5155
1021,0.1968
1022,0.1426
1023,0.7743
1024,0.1576
1025,0.5632
1026,0.6408
1027,0.1365
1028,0.3694
1029,0.9630
1030,0.9405
1031,0.3698
1032,0.4248
1033,0.8156
1034,0.6261
1035,0.8143
1036,0.4640
1037,0.5206
1038,0.5724
1039,0.8714
1040,0.6694
1041,0.7697
1042,0.0669
1043,0.6575
1044,0.9134
1045,0.8654
1046,0.2233
1047,0.9273
1048,0.7660
1049,0.0335
1050,0.5956
1051,0.0355
1052,0.3501
1053,0.7140
1054,0.6349
1055,0.8536
1056,0.8543
1057,0.0361
1058,0.8821
1059,0.8587
1060,0.8700
1061,0.2878
1062,0.8908
1063,0.0600
1064,0.4034
1065,0.3081
1066,0.7694
1067,0.0285
1068,0.7528
1069,0.7808
1070,0.1442
1071,0.6403
1072,0.2615
1073,0.6140
1074,0.9572
1075,0.4316
1076,0.9384
1077,0.4030
1078,0.9373
1079,0.0788
1080,0.6575
1081,0.9522
1082,0.8294
1083,0.4930
1084,0.1842
1085,0.1812
1086,0.8590
1087,0.9510
1088,0.5793
1089,0.7596
1090,0.9780
1091,0.0269
1092,0.7264
1093,0.8796
1094,0.2536
1095,0.7356
1096,0.7337
1097,0.2045
1098,0.2575
1099,0.7003
1100,0.2526
1101,0.2221
1102,0.6666
1103,0.2315
1104,0.4367
1105,0.0514
1106,0.0307
1107,0.9282
1108,0.5127
1109,0.2464
1110,0.2976
1111,0.7180
1112,0.2513
1113,0.9583
1114,0.1485
1115,0.4812
1116,0.6485
1117,0.3956
1118,0.2146
1119,0.6571
1120,0.2088
1121,0.4703
1122,0.7630
1123,0.0409
1124,0.0888
1125,0.0596
1126,0.8595
1127,0.2561
1128,0.6516
1129,0.0926
1130,0.0679
1131,0.8104
1132,0.8690
1133,0.0444
1134,0.0372
1135,0.0617
1136,0.4775
1137,0.4165
1138,0.4064
1139,0.9560
1140,0.6058
1141,0.0592
1142,0.2670
1143,0.4932
1144,0.5000
1145,0.8627
1146,0.1997
1147,0.0404
1148,0.1201
1149,0.0930
1150,0.2871
1151,0.1839
1152,0.5781
1153,0.0727
1154,0.2023
1155,0.9128
1156,0.1850
1157,0.4115
1158,0.1217
1159,0.3354
1160,0.8106
1161,0.0641
1162,0.9032
1163,0.9393
1164,0.2175
1165,0.6672
1166,0.2251
1167,0.3003
1168,0.2754
1169,0.9462
1170,0.1697
1171,0.5726
1172,0.4720
1173,0.6473
1174,0.4814
1175,0.8691
1176,0.7145
1177,0.3081
1178,0.9612
1179,0.3022
1180,0.9333
1181,0.1081
1182,0.3548
1183,0.0453
1184,0.0598
1185,0.5957
1186,0.2783
1187,0.9719
1188,0.8709
1189,0.6486
1190,0.7193
1191,0.9680
1192,0.1547
1193,0.3799
1194,0.1570
1195,0.0669
1196,0.0662
1197,0.6205
1198,0.9715
1199,0.2692
1200,0.4829
1201,0.1218
1202,0.0790
1203,0.0338
1204,0.3078
1205,0.2743
1206,0.9417
1207,0.0870
1208,0.8481
1209,0.1076
1210,0.2093
1211,0.1619
1212,0.5820
1213,0.1520
1214,0.1008
1215,0.7593
1216,0.1189
1217,0.7637
1218,0.5803
1219,0.1993
1220,0.2010
1221,0.8038
1222,0.8344
1223,0.0214
1224,0.3306
1225,0.7341
1226,0.1436
1227,0.9230
1228,0.5761
1229,0.0781
1230,0.8534
1231,0.1558
1232,0.7432
1233,0.5761
1234,0.7788
1235,0.8096
1236,0.1238
1237,0.0588
1238,0.6530
1239,0.9197
1240,0.3419
1241,0.5247
1242,0.9341
1243,0.3391
1244,0.5000
1245,0.1187
1246,0.7640
1247,0.6845
1248,0.0288
1249,0.8077
1250,0.5278
1251,0.1934
1252,0.2997
1253,0.0298
1254,0.2803
1255,0.8769
1256,0.9336
1257,0.2312
1258,0.2295
1259,0.9673
1260,0.1046
1261,0.5340
1262,0.1172
1263,0.8513
1264,0.9075
1265,0.1819
1266,0.6332
1267,0.9648
1268,0.3932
1269,0.1204
1270,0.1324
1271,0.9358
1272,0.3338
1273,0.7694
1274,0.5324
1275,0.8060
1276,0.5687
1277,0.4411
1278,0.3325
1279,0.0350
1280,0.1121
1281,0.7145
1282,0.0432
1283,0.3865
1284,0.8263
1285,0.9123
1286,0.3365
1287,0.0472
1288,0.4241
1289,0.0443
1290,0.2849
1291,0.6955
1292,0.2290
1293,0.1680
1294,0.1501
1295,0.3458
1296,0.6797
1297,0.8917
1298,0.8938
1299,0.8198
1300,0.2257
1301,0.8222
1302,0.9157
1303,0.3140
1304,0.4420
1305,0.7806
1306,0.7814
1307,0.3419
1308,0.3452
1309,0.1221
1310,0.8060
1311,0.8307
1312,0.0228
1313,0.7474
1314,0.4922
1315,0.9062
1316,0.2513
1317,0.1849
1318,0.8374
1319,0.8767
1320,0.0528
1321,0.8994
1322,0.7556
1323,0.1797
1324,0.1332
1325,0.4454
1326,0.8786
1327,0.0477
1328,0.3402
1329,0.1548
1330,0.1312
1331,0.9689
1332,0.8683
1333,0.0583
1334,0.3656
1335,0.9200
1336,0.2033
1337,0.8844
1338,0.4861
1339,0.6239
1340,0.2551
1341,0.2935
1342,0.1271
1343,0.0596
1344,0.1168
1345,0.1300
1346,0.0289
1347,0.7988
1348,0.5072
1349,0.1408
1350,0.1649
1351,0.0491
1352,0.8123
1353,0.3778
1354,0.3072
1355,0.1295
1356,0.0756
1357,0.0242
1358,0.3478
1359,0.3642
1360,0.9472
1361,0.5734
1362,0.0418
1363,0.9158
1364,0.3872
1365,0.9812
1366,0.0905
1367,0.0862
1368,0.9650
1369,0.9577
1370,0.9201
1371,0.8844
1372,0.4634
1373,0.1450
1374,0.2600
1375,0.0872
1376,0.0423
1377,0.1877
1378,0.0532
1379,0.0709
1380,0.2065
1381,0.0667
1382,0.1623
1383,0.7836
1384,0.5000
1385,0.9453
1386,0.8239
1387,0.2462
1388,0.5815
1389,0.3349
1390,0.8356
1391,0.0506
1392,0.9670
1393,0.8777
1394,0.9170
1395,0.3524
1396,0.2426
1397,0.7239
1398,0.0709
1399,0.8552
1400,0.8532
1401,0.8219
1402,0.3407
1403,0.8673
1404,0.6537
1405,0.6431
1406,0.5947
1407,0.0660
1408,0.6929
1409,0.1642
1410,0.3194
1411,0.0649
1412,0.1274
1413,0.2080
1414,0.1573
1415,0.2305
1416,0.8485
1417,0.1132
1418,0.7312
1419,0.7096
1420,0.7405
1421,0.3355
1422,0.6060
1423,0.5551
1424,0.6358
1425,0.9641
1426,0.3403
1427,0.2033
1428,0.1033
1429,0.0728
1430,0.9448
1431,0.3551
1432,0.2973
1433,0.8861
1434,0.7723
1435,0.7721
1436,0.5929
1437,0.4059
1438,0.1011
1439,0.6321
1440,0.9161
1441,0.1113
1442,0.7985
1443,0.4637
1444,0.3946
1445,0.8185
1446,0.4939
1447,0.2669
1448,0.9465
1449,0.0486
1450,0.8610
1451,0.0208
1452,0.1684
1453,0.9010
1454,0.1169
1455,0.9512
1456,0.5974
1457,0.4466
1458,0.9337
1459,0.8351
1460,0.2426
1461,0.1128
1462,0.6406
1463,0.8601
1464,0.3704
1465,0.0353
1466,0.7130
1467,0.5328
1468,0.2825
1469,0.9291
1470,0.7693
1471,0.1064
1472,0.0597
1473,0.6082
1474,0.2206
1475,0.4041
1476,0.2643
1477,0.3639
1478,0.6849
1479,0.5333
1480,0.2784
1481,0.7384
1482,0.9455
1483,0.8903
1484,0.7677
1485,0.9300
1486,0.5852
1487,0.0618
1488,0.9227
1489,0.1714
1490,0.0275
1491,0.3220
1492,0.0598
1493,0.4769
1494,0.0673
1495,0.5369
1496,0.5064
1497,0.1398
1498,0.2468
1499,0.8617
1500,0.8881
1501,0.3206
1502,0.9349
1503,0.1893
1504,0.2926
1505,0.1680
1506,0.6202
1507,0.3392
1508,0.3422
1509,0.9530
1510,0.1983
1511,0.2864
1512,0.0684
1513,0.1473
1514,0.3134
1515,0.0571
1516,0.8165
1517,0.5620
1518,0.9063
1519,0.3381
1520,0.8689
1521,0.0438
1522,0.3491
1523,0.6189
1524,0.0792
1525,0.9680
1526,0.9416
1527,0.1318
1528,0.9784
1529,0.0470
1530,0.7420
1531,0.5468
1532,0.3605
1533,0.0289
1534,0.0571
1535,0.2584
1536,0.0915
1537,0.3315
1538,0.1537
1539,0.8257
1540,0.1624
1541,0.9255
1542,0.9112
1543,0.8229
1544,0.4656
1545,0.3723
1546,0.3306
1547,0.5466
1548,0.9792
1549,0.8083
1550,0.7245
1551,0.8610
1552,0.9586
1553,0.7609
1554,0.9163
1555,0.5140
1556,0.6818
1557,0.2867
1558,0.8665
1559,0.7738
1560,0.1100
1561,0.5228
1562,0.1362
1563,0.5265
1564,0.4442
1565,0.7713
1566,0.1698
1567,0.9067
1568,0.2129
1569,0.5309
1570,0.9333
1571,0.8975
1572,0.9847
1573,0.5000
1574,0.5663
1575,0.0759
1576,0.1996
1577,0.9211
1578,0.0501
1579,0.0497
1580,0.4250
1581,0.3853
1582,0.1894
1583,0.5000
1584,0.3768
1585,0.0938
1586,0.4289
1587,0.1286
1588,0.1404
1589,0.0582
1590,0.4269
1591,0.1328
1592,0.6522
1593,0.9141
1594,0.0609
1595,0.5190
1596,0.7566
1597,0.3796
1598,0.0525
1599,0.3721
1600,0.9136
1601,0.0888
1602,0.6478
1603,0.1279
1604,0.8657
1605,0.1851
1606,0.0933
1607,0.0538
1608,0.4391
1609,0.1406
1610,0.5479
1611,0.5689
1612,0.1234
1613,0.9021
1614,0.0632
1615,0.0947
1616,0.8070
1617,0.4348
1618,0.5204
1619,0.4812
1620,0.0303
1621,0.8573
1622,0.0616
1623,0.2730
1624,0.7452
1625,0.1578
1626,0.1991
1627,0.5157
1628,0.8438
1629,0.9808
1630,0.1566
1631,0.1080
1632,0.9411
1633,0.9057
1634,0.7325
1635,0.3388
1636,0.7125
1637,0.3035
1638,0.1858
1639,0.4073
1640,0.9782
1641,0.0285
1642,0.0733
1643,0.5000
1644,0.1996
1645,0.1684
1646,0.3413
1647,0.7545
1648,0.1335
1649,0.6478
1650,0.6573
1651,0.0185
1652,0.0559
1653,0.7587
1654,0.8578
1655,0.8638
1656,0.4757
1657,0.9619
1658,0.0394
1659,0.6311
1660,0.8394
1661,0.2473
1662,0.2818
1663,0.2884
1664,0.7649
1665,0.5908
1666,0.3319
1667,0.1427
1668,0.0855
1669,0.0502
1670,0.0569
1671,0.5339
1672,0.7752
1673,0.7173
1674,0.8858
1675,0.4651
1676,0.7933
1677,0.1229
1678,0.9402
1679,0.0304
1680,0.1509
1681,0.2523
1682,0.2371
1683,0.1607
1684,0.8084
1685,0.3879
1686,0.3224
1687,0.7720
1688,0.1639
1689,0.1303
1690,0.6107
1691,0.0816
1692,0.1621
1693,0.0765
1694,0.9128
1695,0.6458
1696,0.2945
1697,0.3490
1698,0.4700
1699,0.3692
1700,0.2524
1701,0.8340
1702,0.8849
1703,0.5624
1704,0.1102
1705,0.6653
1706,0.4828
1707,0.1877
1708,0.3850
1709,0.0880
1710,0.1290
1711,0.3587
1712,0.6360
1713,0.0817
1714,0.4756
1715,0.6320
1716,0.0376
1717,0.3217
1718,0.7357
1719,0.6859
1720,0.8124
1721,0.9549
1722,0.7531
1723,0.1005
1724,0.0313
1725,0.0369
1726,0.1621
1727,0.2691
1728,0.8900
1729,0.3482
1730,0.1525
1731,0.2555
1732,0.5144
1733,0.5770
1734,0.0643
1735,0.0756
1736,0.4276
1737,0.1507
1738,0.1814
1739,0.3502
1740,0.1905
1741,0.2441
1742,0.0362
1743,0.1700
1744,0.7483
1745,0.9378
1746,0.4920
1747,0.1434
1748,0.3027
1749,0.5705
1750,0.0989
1751,0.2119
1752,0.9122
1753,0.8070
1754,0.8902
1755,0.1459
1756,0.4632
1757,0.1280
1758,0.4029
1759,0.4426
1760,0.9653
1761,0.2595
1762,0.0583
1763,0.1055
1764,0.3743
1765,0.1443
1766,0.4906
1767,0.8299
1768,0.1227
1769,0.3302
1770,0.4035
1771,0.4178
1772,0.1303
1773,0.4309
1774,0.7512
1775,0.5698
1776,0.2448
1777,0.1232
1778,0.1599
1779,0.8171
1780,0.7971
1781,0.6165
1782,0.3236
1783,0.4165
1784,0.2142
1785,0.7211
1786,0.3094
1787,0.1552
1788,0.2031
1789,0.0605
1790,0.8120
1791,0.0708
1792,0.1751
1793,0.4568
1794,0.6806
1795,0.3413
1796,0.4588
1797,0.4887
1798,0.3646
1799,0.0755
1800,0.5328
1801,0.8954
1802,0.5955
1803,0.8784
1804,0.0835
1805,0.5283
1806,0.2234
1807,0.2188
1808,0.8243
1809,0.9526
1810,0.7058
1811,0.4930
1812,0.7405
1813,0.9546
1814,0.1786
1815,0.6800
1816,0.2906
1817,0.0484
1818,0.5000
1819,0.9293
1820,0.3611
1821,0.6640
1822,0.7250
1823,0.8241
1824,0.3703
1825,0.2751
1826,0.9129
1827,0.5592
1828,0.0577
1829,0.9466
1830,0.6930
1831,0.1971
1832,0.9444
1833,0.1469
1834,0.6345
1835,0.0552
1836,0.3069
1837,0.0298
1838,0.0751
1839,0.3768
1840,0.9069
1841,0.0819
1842,0.1991
1843,0.6718
1844,0.7941
1845,0.9640
1846,0.5000
1847,0.3926
1848,0.1695
1849,0.0284
1850,0.0934
1851,0.0710
1852,0.4766
1853,0.9592
1854,0.3996
1855,0.3610
1856,0.6121
1857,0.4808
1858,0.0245
1859,0.2648
1860,0.0304
1861,0.8009
1862,0.0367
1863,0.4660
1864,0.3451
1865,0.3560
1866,0.0188
1867,0.6515
1868,0.8740
1869,0.0557
1870,0.8171
1871,0.1320
1872,0.8285
1873,0.1895
1874,0.5956
1875,0.9570
1876,0.2032
1877,0.0216
1878,0.0293
1879,0.6085
1880,0.7838
1881,0.0559
1882,0.9038
1883,0.1612
1884,0.1315
1885,0.2324
1886,0.0468
1887,0.0462
1888,0.2250
1889,0.8613
1890,0.1322
1891,0.9043
1892,0.8739
1893,0.0810
1894,0.6183
1895,0.1968
1896,0.8088
1897,0.7195
1898,0.4239
1899,0.1444
1900,0.9070
1901,0.2842
1902,0.1755
1903,0.1923
1904,0.1110
1905,0.7863
1906,0.0853
1907,0.5698
1908,0.2337
1909,0.0761
1910,0.8997
1911,0.1589
1912,0.9733
1913,0.1093
1914,0.3937
1915,0.4541
1916,0.2977
1917,0.1961
1918,0.1954
1919,0.9394
1920,0.2857
1921,0.1003
1922,0.1846
1923,0.5262
1924,0.3876
1925,0.5991
1926,0.4031
1927,0.0361
1928,0.1494
1929,0.1365
1930,0.8644
1931,0.7078
1932,0.1323
1933,0.6025
1934,0.3468
1935,0.9438
1936,0.0992
1937,0.9347
1938,0.9215
1939,0.3938
1940,0.8410
1941,0.1022
1942,0.3518
1943,0.2430
1944,0.8761
1945,0.0381
1946,0.1058
1947,0.8972
1948,0.1509
1949,0.5672
1950,0.7399
1951,0.6395
1952,0.0422
1953,0.2210
1954,0.1030
1955,0.2607
1956,0.8671
1957,0.3786
1958,0.0607
1959,0.5574
1960,0.0438
1961,0.8719
1962,0.6248
1963,0.3030
1964,0.8594
1965,0.5406
1966,0.2054
1967,0.9556
1968,0.0666
1969,0.2455
1970,0.8565
1971,0.9311
1972,0.0538
1973,0.1556
1974,0.5940
1975,0.9459
1976,0.5857
1977,0.9267
1978,0.9417
1979,0.3234
1980,0.5717
1981,0.8950
1982,0.3163
1983,0.0615
1984,0.4682
1985,0.9335
1986,0.0427
1987,0.1012
1988,0.7768
1989,0.8956
1990,0.1893
1991,0.9170
1992,0.3642
1993,0.3163
1994,0.9108
1995,0.1188
1996,0.1823
1997,0.7814
1998,0.7360
1999,0.2801
2000,0.3995
2001,0.3846
2002,0.4441
2003,0.1358
2004,0.8583
2005,0.3328
2006,0.1123
2007,0.5189
2008,0.1349
2009,0.9148
2010,0.0496
2011,0.9627
2012,0.2006
2013,0.4790
2014,0.7238
2015,0.1049
2016,0.8959
2017,0.2334
2018,0.9364
2019,0.1066
2020,0.9504
2021,0.6771
2022,0.3963
2023,0.2285
2024,0.7158
2025,0.0799
2026,0.0249
2027,0.9393
2028,0.7748
2029,0.5670
2030,0.8994
2031,0.9100
2032,0.9145
2033,0.7648
2034,0.2611
2035,0.1298
2036,0.2224
2037,0.0733
2038,0.8727
2039,0.3217
2040,0.2816
2041,0.2140
2042,0.2889
2043,0.5941
2044,0.8036
2045,0.8803
2046,0.0968
2047,0.2740
2048,0.4112
2049,0.0632
2050,0.9257
2051,0.1354
2052,0.8228
2053,0.8445
2054,0.2474
2055,0.3570
2056,0.5676
2057,0.5691
2058,0.8195
2059,0.2222
2060,0.5190
2061,0.0246
2062,0.0258
2063,0.0504
2064,0.5469
2065,0.2075
2066,0.1034
2067,0.3983
2068,0.9545
2069,0.7030
2070,0.8394
2071,0.0981
2072,0.0594
2073,0.2079
2074,0.9547
2075,0.8175
2076,0.7021
2077,0.0972
2078,0.0943
2079,0.5524
2080,0.4093
2081,0.7280
2082,0.8623
2083,0.2970
2084,0.9778
2085,0.7817
2086,0.3065
2087,0.1379
2088,0.8313
2089,0.6322
2090,0.8648
2091,0.8866
2092,0.8285
2093,0.1080
2094,0.0703
2095,0.0494
2096,0.0961
2097,0.4579
2098,0.1953
2099,0.8274
2100,0.8536
2101,0.1894
2102,0.0952
2103,0.0419
2104,0.8653
2105,0.8687
2106,0.1941
2107,0.0214
2108,0.8860
2109,0.3610
2110,0.9430
2111,0.5474
2112,0.8113
2113,0.1018
2114,0.8487
2115,0.0969
2116,0.2267
2117,0.0555
2118,0.5376
2119,0.3609
2120,0.2938
2121,0.0892
2122,0.0447
2123,0.2999
2124,0.5470
2125,0.9845
2126,0.0714
2127,0.6939
2128,0.0667
2129,0.6046
2130,0.6495
2131,0.4011
2132,0.7301
2133,0.6214
2134,0.4780
2135,0.5000
2136,0.9816
2137,0.4635
2138,0.4262
2139,0.4510
2140,0.3479
2141,0.6698
2142,0.1236
2143,0.9345
2144,0.7647
2145,0.6005
2146,0.5085
2147,0.3556
2148,0.0904
2149,0.1469
2150,0.6103
2151,0.1794
2152,0.1007
2153,0.7801
2154,0.2591
2155,0.9013
2156,0.8852
2157,0.9115
2158,0.0514
2159,0.0549
2160,0.3307
2161,0.6337
2162,0.1058
2163,0.9824
2164,0.0494
2165,0.0318
2166,0.9224
2167,0.1473
2168,0.0291
2169,0.0260
2170,0.0717
2171,0.8967
2172,0.8032
2173,0.7995
2174,0.4940
2175,0.9357
2176,0.2225
2177,0.0791
2178,0.8909
2179,0.0839
2180,0.0614
2181,0.3284
2182,0.9700
2183,0.2856
2184,0.3663
2185,0.5691
2186,0.2778
2187,0.2902
2188,0.0167
2189,0.0731
2190,0.0773
2191,0.2712
2192,0.2098
2193,0.6700
2194,0.0550
2195,0.2631
2196,0.6374
2197,0.3709
2198,0.2543
2199,0.3099
2200,0.1692
2201,0.0768
2202,0.0682
2203,0.0891
2204,0.0509
2205,0.0868
2206,0.0346
2207,0.6924
2208,0.1560
2209,0.8573
2210,0.6219
2211,0.8429
2212,0.0572
2213,0.3450
2214,0.3802
2215,0.9422
2216,0.0927
2217,0.8242
2218,0.1363
2219,0.4699
2220,0.5672
2221,0.5566
2222,0.1028
2223,0.2873
2224,0.0675
2225,0.8518
2226,0.1914
2227,0.8426
2228,0.5201
2229,0.8708
2230,0.1158
2231,0.1722
2232,0.2733
2233,0.0987
2234,0.1568
2235,0.7216
2236,0.6970
2237,0.3535
2238,0.8601
2239,0.5147
2240,0.9724
2241,0.0349
2242,0.3628
2243,0.7028
2244,0.2275
2245,0.9390
2246,0.3377
2247,0.9794
2248,0.9294
2249,0.1276
2250,0.9089
2251,0.2769
2252,0.4619
2253,0.2982
2254,0.7860
2255,0.8377
2256,0.2688
2257,0.9169
2258,0.8688
2259,0.3619
2260,0.4175
2261,0.1952
2262,0.3405
2263,0.6414
2264,0.3171
2265,0.3727
2266,0.2694
2267,0.0809
2268,0.2185
2269,0.7759
2270,0.2970
2271,0.5268
2272,0.4424
2273,0.0695
2274,0.2735
2275,0.8800
2276,0.4011
2277,0.6683
2278,0.9089
2279,0.7849
2280,0.2491
2281,0.9587
2282,0.3188
2283,0.9395
2284,0.1303
2285,0.4460
2286,0.0445
2287,0.0241
2288,0.0817
2289,0.2855
2290,0.9056
2291,0.7697
2292,0.2305
2293,0.0513
2294,0.8892
2295,0.6470
2296,0.7879
2297,0.0984
2298,0.0604
2299,0.5673
2300,0.1767
2301,0.9212
2302,0.8092
2303,0.7141
2304,0.9276
2305,0.8894
2306,0.1439
2307,0.0273
2308,0.6466
2309,0.4536
2310,0.6512
2311,0.6467
2312,0.9074
2313,0.9161
2314,0.1183
2315,0.2200
2316,0.2255
2317,0.4492
2318,0.0478
2319,0.3927
2320,0.7576
2321,0.8958
2322,0.0821
2323,0.9306
2324,0.5991
2325,0.3392
2326,0.0705
2327,0.0244
2328,0.6123
2329,0.0754
2330,0.2576
2331,0.0482
2332,0.0448
2333,0.2689
2334,0.0890
2335,0.2609
2336,0.0681
2337,0.5343
2338,0.8424
2339,0.2081
2340,0.2353
2341,0.1908
2342,0.9005
2343,0.6968
2344,0.8705
2345,0.9051
2346,0.1437
2347,0.2286
2348,0.5857
2349,0.4166
2350,0.0204
2351,0.8398
2352,0.9440
2353,0.2058
2354,0.0625
2355,0.7111
2356,0.6448
2357,0.9161
2358,0.8616
2359,0.7979
2360,0.9672
2361,0.3349
2362,0.7909
2363,0.1402
2364,0.2001
2365,0.9679
2366,0.1664
2367,0.8964
2368,0.9151
2369,0.7712
2370,0.8770
2371,0.6541
2372,0.6331
2373,0.3007
2374,0.1906
2375,0.0688
2376,0.1465
2377,0.7837
2378,0.0291
2379,0.9208
2380,0.4924
2381,0.1187
2382,0.0913
2383,0.0606
2384,0.1286
2385,0.4052
2386,0.6075
2387,0.8707
2388,0.1503
2389,0.4191
2390,0.1126
2391,0.1561
2392,0.0785
2393,0.8993
2394,0.0573
2395,0.6450
2396,0.6285
2397,0.7377
2398,0.1158
2399,0.9630
2400,0.0860
2401,0.6926
2402,0.2961
2403,0.8383
2404,0.3956
2405,0.1393
2406,0.8603
2407,0.1677
2408,0.3568
2409,0.8508
2410,0.4288
2411,0.2752
2412,0.2159
2413,0.7239
2414,0.1391
2415,0.1183
2416,0.7689
2417,0.0479
2418,0.7674
2419,0.5572
2420,0.8433
2421,0.5910
2422,0.7736
2423,0.0647
2424,0.1455
2425,0.8327
2426,0.1766
2427,0.2619
2428,0.6969
2429,0.1508
2430,0.1274
2431,0.0751
2432,0.8012
2433,0.2480
2434,0.9363
2435,0.5131
2436,0.2578
2437,0.7074
2438,0.3539
2439,0.1550
2440,0.3376
2441,0.0830
2442,0.1964
2443,0.1620
2444,0.6361
2445,0.9238
2446,0.8302
2447,0.2924
2448,0.7051
2449,0.8523
2450,0.5888
2451,0.9157
2452,0.2667
2453,0.4713
2454,0.0415
2455,0.1910
2456,0.5000
2457,0.3678
2458,0.1928
2459,0.0423
2460,0.5280
2461,0.4454
2462,0.0575
2463,0.0606
2464,0.0607
2465,0.9602
2466,0.3844
2467,0.5480
2468,0.8645
2469,0.2544
2470,0.8497
2471,0.3049
2472,0.0785
2473,0.8524
2474,0.5000
2475,0.0602
2476,0.7037
2477,0.5508
2478,0.3434
2479,0.3885
2480,0.2176
2481,0.9291
2482,0.5922
2483,0.5274
2484,0.5097
2485,0.8954
2486,0.2887
2487,0.4812
2488,0.2473
2489,0.0762
2490,0.0632
2491,0.2025
2492,0.0557
2493,0.2292
2494,0.4008
2495,0.3392
2496,0.0594
2497,0.1074
2498,0.4001
2499,0.2291
2500,0.4608
2501,0.0576
2502,0.7100
2503,0.8436
2504,0.0436
2505,0.1411
2506,0.7638
2507,0.6628
2508,0.9097
2509,0.1335
2510,0.0380
2511,0.3390
2512,0.5584
2513,0.1224
2514,0.1087
2515,0.6637
2516,0.3914
2517,0.0794
2518,0.9665
2519,0.1124
2520,0.4524
2521,0.8864
2522,0.5369
2523,0.7788
2524,0.5923
2525,0.6101
2526,0.1941
2527,0.9834
2528,0.6662
2529,0.0937
2530,0.8510
2531,0.9450
2532,0.0379
2533,0.6964
2534,0.5150
2535,0.3372
2536,0.5619
2537,0.9353
2538,0.1963
2539,0.9019
2540,0.7195
2541,0.4046
2542,0.6638
2543,0.5903
2544,0.7620
2545,0.5742
2546,0.0737
2547,0.3525
2548,0.2424
2549,0.7844
2550,0.5669
2551,0.8431
2552,0.5277
2553,0.8485
2554,0.7565
2555,0.3510
2556,0.5334
2557,0.6542
2558,0.0958
2559,0.9648
2560,0.0541
2561,0.4376
2562,0.0800
2563,0.9245
2564,0.7251
2565,0.0611
2566,0.7163
2567,0.7615
2568,0.1965
2569,0.6014
2570,0.0725
2571,0.4134
2572,0.6685
2573,0.2489
2574,0.2401
2575,0.1190
2576,0.8733
2577,0.0389
2578,0.2000
2579,0.7900
2580,0.7989
2581,0.2761
2582,0.0621
2583,0.4817
2584,0.0933
2585,0.1620
2586,0.1244
2587,0.2935
2588,0.1911
2589,0.0415
2590,0.9377
2591,0.6385
2592,0.1083
2593,0.4319
2594,0.2557
2595,0.1969
2596,0.4923
2597,0.7425
2598,0.8940
2599,0.9017
2600,0.5685
2601,0.0845
2602,0.9261
2603,0.7689
2604,0.6135
2605,0.3074
2606,0.1574
2607,0.2172
2608,0.4726
2609,0.1129
2610,0.8600
2611,0.4052
2612,0.9701
2613,0.7457
2614,0.5824
2615,0.5265
2616,0.9250
2617,0.0545
2618,0.1300
2619,0.9169
2620,0.7412
2621,0.8204
2622,0.8475
2623,0.2465
2624,0.1667
2625,0.6940
2626,0.9221
2627,0.0888
2628,0.6969
2629,0.0301
2630,0.3901
2631,0.4133
2632,0.9030
2633,0.2304
2634,0.0258
2635,0.9057
2636,0.7933
2637,0.1020
2638,0.3652
2639,0.1043
2640,0.1371
2641,0.2895
2642,0.5439
2643,0.5951
2644,0.0672
2645,0.8613
2646,0.1769
2647,0.3031
2648,0.1571
2649,0.0862
2650,0.7373
2651,0.3920
2652,0.3773
2653,0.0606
2654,0.7804
2655,0.8802
2656,0.2598
2657,0.1554
2658,0.4751
2659,0.0608
2660,0.5361
2661,0.7028
2662,0.0637
2663,0.5460
2664,0.2919
2665,0.2401
2666,0.9130
2667,0.9289
2668,0.0712
2669,0.0910
2670,0.7921
2671,0.8636
2672,0.5372
2673,0.5331
2674,0.0734
2675,0.1819
2676,0.9723
2677,0.3718
2678,0.9123
2679,0.1000
2680,0.2444
2681,0.7896
2682,0.1954
2683,0.9403
2684,0.1961
2685,0.1354
2686,0.7957
2687,0.4829
2688,0.0366
2689,0.3410
2690,0.8141
2691,0.8957
2692,0.1497
2693,0.8604
2694,0.0561
2695,0.9426
2696,0.8020
2697,0.9169
2698,0.1319
2699,0.0940
2700,0.9711
2701,0.7889
2702,0.4919
2703,0.0601
2704,0.1312
2705,0.3675
2706,0.8719
2707,0.8416
2708,0.8075
2709,0.4606
2710,0.2480
2711,0.1011
2712,0.1436
2713,0.0770
2714,0.8334
2715,0.9827
2716,0.0235
2717,0.9406
2718,0.6313
2719,0.1528
2720,0.1263
2721,0.8780
2722,0.7311
2723,0.6618
2724,0.1046
2725,0.0308
2726,0.0238
2727,0.6596
2728,0.1543
2729,0.9052
2730,0.6243
2731,0.3613
2732,0.4182
2733,0.3715
2734,0.4316
2735,0.2828
2736,0.2939
2737,0.7444
2738,0.1330
2739,0.1033
2740,0.6464
2741,0.8603
2742,0.5080
2743,0.8957
2744,0.5063
2745,0.1801
2746,0.6152
2747,0.7067
2748,0.8250
2749,0.3394
2750,0.4870
2751,0.0992
2752,0.0399
2753,0.1866
2754,0.3909
2755,0.0382
2756,0.0604
2757,0.4667
2758,0.5675
2759,0.0697
2760,0.6715
2761,0.9646
2762,0.0444
2763,0.5144
2764,0.2810
2765,0.4215
2766,0.2060
2767,0.3321
2768,0.1129
2769,0.8321
2770,0.2104
2771,0.0206
2772,0.1863
2773,0.4001
2774,0.7539
2775,0.8546
2776,0.1489
2777,0.5000
2778,0.8173
2779,0.9612
2780,0.2872
2781,0.1823
2782,0.4403
2783,0.7383
2784,0.9675
2785,0.0385
2786,0.1507
2787,0.0889
2788,0.1643
2789,0.7115
2790,0.0597
2791,0.1225
2792,0.1419
2793,0.7223
2794,0.6286
2795,0.6866
2796,0.2178
2797,0.9632
2798,0.9134
2799,0.8057
2800,0.0370
2801,0.0986
2802,0.1005
2803,0.2300
2804,0.3824
2805,0.7761
2806,0.6525
2807,0.9553
2808,0.0284
2809,0.0643
2810,0.9103
2811,0.0345
2812,0.2654
2813,0.4228
2814,0.0497
2815,0.6402
2816,0.8476
2817,0.3627
2818,0.0914
2819,0.1834
2820,0.1074
2821,0.3945
2822,0.7617
2823,0.9521
2824,0.9392
2825,0.8980
2826,0.8918
2827,0.9555
2828,0.5429
2829,0.0517
2830,0.6577
2831,0.5120
2832,0.6386
2833,0.7557
2834,0.8383
2835,0.9862
2836,0.5443
2837,0.1967
2838,0.6073
2839,0.3353
2840,0.4846
2841,0.0544
2842,0.0663
2843,0.6445
2844,0.6503
2845,0.1890
2846,0.6097
2847,0.4944
2848,0.9181
2849,0.1658
2850,0.5287
2851,0.2898
2852,0.4460
2853,0.0441
2854,0.7422
2855,0.0626
2856,0.0193
2857,0.6453
2858,0.9771
2859,0.3500
2860,0.0477
2861,0.8959
2862,0.5634
2863,0.1333
2864,0.9633
2865,0.0607
2866,0.5303
2867,0.3572
2868,0.1011
2869,0.8741
2870,0.0560
2871,0.5077
2872,0.8831
2873,0.0386
2874,0.1998
2875,0.0581
2876,0.9746
2877,0.8892
2878,0.7660
2879,0.0273
2880,0.5329
2881,0.2252
2882,0.8190
2883,0.4694
2884,0.2414
2885,0.1027
2886,0.0761
2887,0.0467
2888,0.0453
2889,0.7550
2890,0.7299
2891,0.0494
2892,0.2534
2893,0.7550
2894,0.1414
2895,0.8219
2896,0.2971
2897,0.5949
2898,0.0752
2899,0.1227
2900,0.9514
2901,0.0525
2902,0.6544
2903,0.6434
2904,0.2411
2905,0.3992
2906,0.6150
2907,0.0563
2908,0.3457
2909,0.6899
2910,0.1721
2911,0.0602
2912,0.2001
2913,0.1322
2914,0.2711
2915,0.5097
2916,0.2169
2917,0.9468
2918,0.7310
2919,0.0310
2920,0.7980
2921,0.8940
2922,0.2325
2923,0.5000
2924,0.5507
2925,0.1799
2926,0.1583
2927,0.8848
2928,0.9011
2929,0.3335
2930,0.0914
2931,0.7991
2932,0.1366
2933,0.0699
2934,0.9249
2935,0.1950
2936,0.9358
2937,0.0759
2938,0.7549
2939,0.2658
2940,0.6578
2941,0.0842
2942,0.5130
2943,0.2908
2944,0.2654
2945,0.4140
2946,0.6754
2947,0.5422
2948,0.2613
2949,0.0673
2950,0.1358
2951,0.7716
2952,0.4942
2953,0.3103
2954,0.1874
2955,0.3057
2956,0.9014
2957,0.7326
2958,0.4640
2959,0.5939
2960,0.1011
2961,0.2917
2962,0.7584
2963,0.9143
2964,0.2326
2965,0.2067
2966,0.2589
2967,0.1031
2968,0.7030
2969,0.3125
2970,0.7421
2971,0.0484
2972,0.9331
2973,0.8825
2974,0.4749
2975,0.4011
2976,0.3588
2977,0.1183
2978,0.1989
2979,0.7656
2980,0.7315
2981,0.8987
2982,0.8907
2983,0.0491
2984,0.2446
2985,0.9331
2986,0.8916
2987,0.4133
2988,0.1250
2989,0.7306
2990,0.4624
2991,0.0773
2992,0.4289
2993,0.8025
2994,0.0462
2995,0.9047
2996,0.0779
2997,0.1656
2998,0.9264
2999,0.3497
3000,0.4613
3001,0.8955
3002,0.1027
3003,0.3969
3004,0.3405
3005,0.8413
3006,0.7789
3007,0.9057
3008,0.0609
3009,0.2723
3010,0.3354
3011,0.1066
3012,0.5052
3013,0.0335
3014,0.3993
3015,0.3068
3016,0.9187
3017,0.5230
3018,0.9003
3019,0.1406
3020,0.5185
3021,0.8191
3022,0.2561
3023,0.8983
3024,0.0885
3025,0.6407
3026,0.3636
3027,0.4448
3028,0.1137
3029,0.0544
3030,0.0399
3031,0.8570
3032,0.0311
3033,0.0473
3034,0.6070
3035,0.1994
3036,0.0711
3037,0.1394
3038,0.2797
3039,0.5641
3040,0.0516
3041,0.1976
3042,0.4886
3043,0.1896
3044,0.3732
3045,0.1790
3046,0.9275
3047,0.7388
3048,0.1872
3049,0.9556
3050,0.7917
3051,0.8768
3052,0.0604
3053,0.6303
3054,0.5747
3055,0.2420
3056,0.2720
3057,0.1892
3058,0.4267
3059,0.0408
3060,0.8084
3061,0.5054
3062,0.0441
3063,0.6416
3064,0.1199
3065,0.8652
3066,0.9150
3067,0.5438
3068,0.0869
3069,0.7627
3070,0.6590
3071,0.4207
3072,0.1842
3073,0.8745
3074,0.1873
3075,0.0784
3076,0.6881
3077,0.8955
3078,0.6723
3079,0.4251
3080,0.6575
3081,0.7795
3082,0.9504
3083,0.5125
3084,0.9642
3085,0.0269
3086,0.9622
3087,0.3879
3088,0.0403
3089,0.1597
3090,0.2244
3091,0.8604
3092,0.2194
3093,0.6075
3094,0.8662
3095,0.4644
3096,0.4529
3097,0.7349
3098,0.9628
3099,0.9573
3100,0.0980
3101,0.1352
3102,0.6459
3103,0.1040
3104,0.4694
3105,0.0666
3106,0.4532
3107,0.6670
3108,0.4476
3109,0.0444
3110,0.4145
3111,0.7195
3112,0.4157
3113,0.5929
3114,0.2105
3115,0.1052
3116,0.1151
3117,0.8047
3118,0.1900
3119,0.0517
3120,0.9545
3121,0.9129
3122,0.2500
3123,0.4697
3124,0.7693
3125,0.0569
3126,0.1175
3127,0.8369
3128,0.7508
3129,0.0567
3130,0.9069
3131,0.5283
3132,0.0694
3133,0.8639
3134,0.0572
3135,0.9088
3136,0.1510
3137,0.6508
3138,0.9518
3139,0.8883
3140,0.5091
3141,0.8432
3142,0.9646
3143,0.1938
3144,0.5000
3145,0.2358
3146,0.9606
3147,0.8576
3148,0.9096
3149,0.8318
3150,0.3119
3151,0.3891
3152,0.6514
3153,0.0874
3154,0.1317
3155,0.2546
3156,0.6756
3157,0.4872
3158,0.5227
3159,0.5171
3160,0.0651
3161,0.5895
3162,0.4458
3163,0.3370
3164,0.0500
3165,0.0675
3166,0.4665
3167,0.2039
3168,0.5410
3169,0.3207
3170,0.1249
3171,0.8824
3172,0.5787
3173,0.4124
3174,0.5354
3175,0.9335
3176,0.6922
3177,0.6640
3178,0.3359
3179,0.3100
3180,0.3564
3181,0.0651
3182,0.8801
3183,0.2163
3184,0.3723
3185,0.8315
3186,0.8209
3187,0.2282
3188,0.7863
3189,0.7464
3190,0.4075
3191,0.7983
3192,0.0259
3193,0.0652
3194,0.2728
3195,0.8210
3196,0.2072
3197,0.0628
3198,0.0851
3199,0.9140
3200,0.2891
3201,0.7423
3202,0.8968
3203,0.1987
3204,0.7477
3205,0.2435
3206,0.0374
3207,0.9780
3208,0.9486
3209,0.9271
3210,0.1892
3211,0.1252
3212,0.6620
3213,0.9629
3214,0.4710
3215,0.0406
3216,0.1282
3217,0.2765
3218,0.5431
3219,0.8370
3220,0.9053
3221,0.2857
3222,0.1403
3223,0.6282
3224,0.0848
3225,0.6646
3226,0.2492
3227,0.0770
3228,0.1011
3229,0.8598
3230,0.0609
3231,0.0919
3232,0.3443
3233,0.9381
3234,0.4124
3235,0.4293
3236,0.5538
3237,0.0540
3238,0.3616
3239,0.9016
3240,0.1131
3241,0.6480
3242,0.3457
3243,0.0259
3244,0.2820
3245,0.0743
3246,0.9513
3247,0.5081
3248,0.0816
3249,0.8224
3250,0.2715
3251,0.2431
3252,0.9468
3253,0.1949
3254,0.3577
3255,0.9532
3256,0.2304
3257,0.3494
3258,0.1483
3259,0.7177
3260,0.2575
3261,0.1235
3262,0.5297
3263,0.9130
3264,0.7939
3265,0.2478
3266,0.6481
3267,0.4059
3268,0.2981
3269,0.8497
3270,0.9085
3271,0.0784
3272,0.0623
3273,0.4874
3274,0.3297
3275,0.6769
3276,0.0452
3277,0.8190
3278,0.3745
3279,0.3839
3280,0.0898
3281,0.1008
3282,0.5446
3283,0.1226
3284,0.2389
3285,0.1107
3286,0.8177
3287,0.6091
3288,0.7160
3289,0.0249
3290,0.1501
3291,0.2787
3292,0.5196
3293,0.6274
3294,0.1897
3295,0.7173
3296,0.2088
3297,0.8506
3298,0.8750
3299,0.7453
3300,0.6831
3301,0.8255
3302,0.2037
3303,0.0705
3304,0.3759
3305,0.2256
3306,0.8531
3307,0.8097
3308,0.2428
3309,0.0598
3310,0.6460
3311,0.5251
3312,0.8560
3313,0.7912
3314,0.1189
3315,0.8951
3316,0.4140
3317,0.2458
3318,0.1660
3319,0.8752
3320,0.1247
3321,0.5000
3322,0.4331
3323,0.1165
3324,0.9213
3325,0.0625
3326,0.4606
3327,0.9155
3328,0.9418
3329,0.4905
3330,0.2611
3331,0.1862
3332,0.7541
3333,0.7311
3334,0.0570
3335,0.3188
3336,0.9416
3337,0.2058
3338,0.9574
3339,0.6516
3340,0.9282
3341,0.0329
3342,0.3408
3343,0.0791
3344,0.2592
3345,0.6921
3346,0.3222
3347,0.0693
3348,0.1020
3349,0.5244
3350,0.8534
3351,0.6145
3352,0.7788
3353,0.9591
3354,0.1263
3355,0.1932
3356,0.8606
3357,0.8976
3358,0.3191
3359,0.0486
3360,0.3102
3361,0.5630
3362,0.3276
3363,0.6668
3364,0.0550
3365,0.0404
3366,0.3794
3367,0.1078
3368,0.7671
3369,0.7081
3370,0.3804
3371,0.3031
3372,0.4489
3373,0.8085
3374,0.8706
3375,0.5281
3376,0.9521
3377,0.0376
3378,0.0400
3379,0.2034
3380,0.1459
3381,0.8128
3382,0.1616
3383,0.5072
3384,0.9096
3385,0.1494
3386,0.1845
3387,0.0782
3388,0.9386
3389,0.1305
3390,0.6472
3391,0.9467
3392,0.3183
3393,0.0941
3394,0.2989
3395,0.3165
3396,0.1000
3397,0.0488
3398,0.4068
3399,0.0924
3400,0.7675
3401,0.9186
3402,0.5000
3403,0.1339
3404,0.0310
3405,0.3274
3406,0.2946
3407,0.5518
3408,0.5926
3409,0.6404
3410,0.6009
3411,0.4402
3412,0.7329
3413,0.1264
3414,0.0562
3415,0.2447
3416,0.9390
3417,0.8767
3418,0.6293
3419,0.9430
3420,0.1701
3421,0.4057
3422,0.0667
3423,0.9353
3424,0.6938
3425,0.1456
3426,0.6774
3427,0.1425
3428,0.3066
3429,0.1491
3430,0.5777
3431,0.6414
3432,0.7439
3433,0.1648
3434,0.0643
3435,0.8973
3436,0.1719
3437,0.4080
3438,0.8509
3439,0.3169
3440,0.9807
3441,0.9584
3442,0.8329
3443,0.6545
3444,0.0602
3445,0.6285
3446,0.7152
3447,0.0807
3448,0.2797
3449,0.7701
3450,0.4811
3451,0.7755
3452,0.0433
3453,0.5000
3454,0.1441
3455,0.8938
3456,0.9048
3457,0.5377
3458,0.2837
3459,0.7772
3460,0.7912
3461,0.5896
3462,0.2987
3463,0.1394
3464,0.7500
3465,0.0327
3466,0.2665
3467,0.3289
3468,0.6318
3469,0.4947
3470,0.9181
3471,0.8811
3472,0.1304
3473,0.7997
3474,0.5541
3475,0.7744
3476,0.1001
3477,0.0424
3478,0.1851
3479,0.6979
3480,0.9140
3481,0.2779
3482,0.3896
3483,0.8777
3484,0.1106
3485,0.2231
3486,0.7142
3487,0.2279
3488,0.3114
3489,0.6846
3490,0.0985
3491,0.4916
3492,0.3168
3493,0.3874
3494,0.1265
3495,0.5000
3496,0.2029
3497,0.3005
3498,0.4893
3499,0.2253
3500,0.7881
3501,0.3936
3502,0.2627
3503,0.9243
3504,0.9600
3505,0.6499
3506,0.1941
3507,0.6982
3508,0.6746
3509,0.2658
3510,0.6774
3511,0.3170
3512,0.7104
3513,0.2542
3514,0.0288
3515,0.2983
3516,0.8385
3517,0.5468
3518,0.2680
3519,0.6542
3520,0.5941
3521,0.7461
3522,0.8555
3523,0.1650
3524,0.7746
3525,0.2280
3526,0.1913
3527,0.0675
3528,0.8372
3529,0.0801
3530,0.4682
3531,0.5000
3532,0.9036
3533,0.8701
3534,0.9269
3535,0.1637
3536,0.2232
3537,0.7255
3538,0.8781
3539,0.8754
3540,0.4826
3541,0.2431
3542,0.3867
3543,0.2343
3544,0.1245
3545,0.0839
3546,0.7287
3547,0.0432
3548,0.4067
3549,0.9075
3550,0.1901
3551,0.0351
3552,0.9155
3553,0.6327
3554,0.1458
3555,0.1338
3556,0.0745
3557,0.2719
3558,0.8364
3559,0.0795
3560,0.4263
3561,0.8993
3562,0.5442
3563,0.1156
3564,0.2049
3565,0.3666
3566,0.0501
3567,0.2209
3568,0.7981
3569,0.8910
3570,0.9056
3571,0.7295
3572,0.1472
3573,0.9843
3574,0.2258
3575,0.1394
3576,0.8569
3577,0.9671
3578,0.5581
3579,0.3127
3580,0.0880
3581,0.3466
3582,0.9334
3583,0.2054
3584,0.5867
3585,0.0424
3586,0.6512
3587,0.5833
3588,0.9260
3589,0.3156
3590,0.7508
3591,0.9579
3592,0.0416
3593,0.0154
3594,0.4362
3595,0.9283
3596,0.9088
3597,0.8983
3598,0.2491
3599,0.4822
3600,0.2555
3601,0.6581
3602,0.7218
3603,0.0671
3604,0.3056
3605,0.0980
3606,0.4853
3607,0.1483
3608,0.4323
3609,0.0643
3610,0.7208
3611,0.1330
3612,0.8868
3613,0.8853
3614,0.2367
3615,0.1862
3616,0.4863
3617,0.0476
3618,0.9672
3619,0.6014
3620,0.7815
3621,0.8856
3622,0.8022
3623,0.4522
3624,0.0995
3625,0.0334
3626,0.0969
3627,0.5000
3628,0.6870
3629,0.1564
3630,0.7882
3631,0.8860
3632,0.8651
3633,0.6574
3634,0.1159
3635,0.7694
3636,0.3870
3637,0.1668
3638,0.5273
3639,0.2904
3640,0.2295
3641,0.9326
3642,0.1181
3643,0.1215
3644,0.1307
3645,0.3822
3646,0.3156
3647,0.7552
3648,0.2974
3649,0.6171
3650,0.7538
3651,0.8658
3652,0.0554
3653,0.1248
3654,0.1614
3655,0.0640
3656,0.2264
3657,0.9152
3658,0.2529
3659,0.1223
3660,0.2050
3661,0.5642
3662,0.1675
3663,0.2988
3664,0.7573
3665,0.4691
3666,0.0595
3667,0.1045
3668,0.6206
3669,0.4257
3670,0.5000
3671,0.6355
3672,0.7597
3673,0.5206
3674,0.5173
3675,0.4238
3676,0.8857
3677,0.0706
3678,0.4658
3679,0.8460
3680,0.0239
3681,0.1444
3682,0.0489
3683,0.7895
3684,0.2747
3685,0.6809
3686,0.1694
3687,0.7215
3688,0.9377
3689,0.7205
3690,0.0384
3691,0.4051
3692,0.2050
3693,0.0617
3694,0.1598
3695,0.2187
3696,0.4735
3697,0.3308
3698,0.4875
3699,0.6786
3700,0.1111
3701,0.0351
3702,0.2566
3703,0.5912
3704,0.2091
3705,0.2955
3706,0.2028
3707,0.0399
3708,0.1498
3709,0.2545
3710,0.4108
3711,0.7924
3712,0.1980
3713,0.8963
3714,0.6818
3715,0.3556
3716,0.0965
3717,0.2016
3718,0.4480
3719,0.5197
3720,0.2893
3721,0.6534
3722,0.8108
3723,0.8565
3724,0.1655
3725,0.1724
3726,0.3952
3727,0.1621
3728,0.1449
3729,0.6388
3730,0.9270
3731,0.0590
3732,0.6583
3733,0.1514
3734,0.7658
3735,0.1906
3736,0.2372
3737,0.4462
3738,0.2298
3739,0.8039
3740,0.2487
3741,0.8371
3742,0.5960
3743,0.2376
3744,0.2567
3745,0.2209
3746,0.0767
3747,0.1325
3748,0.4098
3749,0.4544
3750,0.2867
3751,0.3997
3752,0.6486
3753,0.1375
3754,0.0372
3755,0.9280
3756,0.4024
3757,0.8952
3758,0.0291
3759,0.9599
3760,0.2859
3761,0.1738
3762,0.2647
3763,0.1862
3764,0.3568
3765,0.1686
3766,0.1138
3767,0.9790
3768,0.9649
3769,0.5000
3770,0.1314
3771,0.7493
3772,0.3378
3773,0.0314
3774,0.6535
3775,0.4752
3776,0.2242
3777,0.6409
3778,0.0253
3779,0.1872
3780,0.6669
3781,0.7740
3782,0.9190
3783,0.0486
3784,0.8355
3785,0.2195
3786,0.6092
3787,0.8538
3788,0.1798
3789,0.9720
3790,0.8948
3791,0.8201
3792,0.8528
3793,0.3426
3794,0.8251
3795,0.0732
3796,0.4051
3797,0.5478
3798,0.1766
3799,0.7811
3800,0.6040
3801,0.2407
3802,0.6125
3803,0.5064
3804,0.9145
3805,0.5386
3806,0.9426
3807,0.0877
3808,0.1080
3809,0.9289
3810,0.1260
3811,0.0846
3812,0.2072
3813,0.8823
3814,0.7299
3815,0.3520
3816,0.9065
3817,0.6241
3818,0.1651
3819,0.1164
3820,0.0421
3821,0.7382
3822,0.7116
3823,0.1435
3824,0.3288
3825,0.0524
3826,0.3718
3827,0.5520
3828,0.0813
3829,0.6123
3830,0.8988
3831,0.5608
3832,0.6453
3833,0.1552
3834,0.8404
3835,0.2565
3836,0.9483
3837,0.4713
3838,0.1448
3839,0.7778
3840,0.1003
3841,0.9629
3842,0.1835
3843,0.0555
3844,0.0941
3845,0.2747
3846,0.3649
3847,0.4273
3848,0.5437
3849,0.7857
3850,0.5585
3851,0.0860
3852,0.0173
3853,0.7950
3854,0.1346
3855,0.7633
3856,0.8465
3857,0.1250
3858,0.6830
3859,0.3879
3860,0.2585
3861,0.7975
3862,0.1897
3863,0.5437
3864,0.7677
3865,0.3045
3866,0.0413
3867,0.4778
3868,0.8722
3869,0.7668
3870,0.6232
3871,0.3818
3872,0.6269
3873,0.7591
3874,0.0341
3875,0.1571
3876,0.8396
3877,0.3598
3878,0.9864
3879,0.2077
3880,0.3015
3881,0.9562
3882,0.6237
3883,0.0228
3884,0.5966
3885,0.3177
3886,0.7107
3887,0.6735
3888,0.7942
3889,0.1511
3890,0.3648
3891,0.7582
3892,0.9161
3893,0.2995
3894,0.0610
3895,0.7632
3896,0.4076
3897,0.2137
3898,0.6701
3899,0.5000
3900,0.4722
3901,0.4099
3902,0.5202
3903,0.3020
3904,0.8304
3905,0.7551
3906,0.1084
3907,0.7582
3908,0.1969
3909,0.4761
3910,0.9780
3911,0.2431
3912,0.3970
3913,0.5672
3914,0.0766
3915,0.0892
3916,0.9788
3917,0.9811
3918,0.2119
3919,0.0390
3920,0.8549
3921,0.0536
3922,0.0840
3923,0.1243
3924,0.0590
3925,0.8803
3926,0.0671
3927,0.4384
3928,0.2932
3929,0.7688
3930,0.7565
3931,0.7788
3932,0.0653
3933,0.5579
3934,0.5000
3935,0.2864
3936,0.9648
3937,0.0711
3938,0.5544
3939,0.6703
3940,0.7712
3941,0.0164
3942,0.8640
3943,0.4737
3944,0.5702
3945,0.0348
3946,0.1697
3947,0.4944
3948,0.1946
3949,0.2378
3950,0.3363
3951,0.3868
3952,0.4246
3953,0.6273
3954,0.4149
3955,0.0918
3956,0.8608
3957,0.4206
3958,0.6214
3959,0.9323
3960,0.9388
3961,0.4103
3962,0.8457
3963,0.7534
3964,0.9674
3965,0.0894
3966,0.8003
3967,0.8828
3968,0.1060
3969,0.2666
3970,0.2874
3971,0.5084
3972,0.9765
3973,0.0930
3974,0.9081
3975,0.4272
3976,0.7567
3977,0.5396
3978,0.7402
3979,0.1290
3980,0.3576
3981,0.6719
3982,0.4273
3983,0.0653
3984,0.8602
3985,0.3111
3986,0.1719
3987,0.3023
3988,0.8862
3989,0.9784
3990,0.9187
3991,0.3622
3992,0.8377
3993,0.1587
3994,0.0595
3995,0.2919
3996,0.0908
3997,0.3621
3998,0.3600
3999,0.9662
4000,0.4815
4001,0.8262
4002,0.6631
4003,0.8754
4004,0.9793
4005,0.0990
4006,0.1035
4007,0.0679
4008,0.8548
4009,0.9219
4010,0.8629
4011,0.0318
4012,0.9140
4013,0.2117
4014,0.1242
4015,0.7690
4016,0.8059
4017,0.4790
4018,0.7953
4019,0.1333
4020,0.4022
4021,0.7613
4022,0.0876
4023,0.2981
4024,0.6501
4025,0.5299
4026,0.6714
4027,0.1152
4028,0.6237
4029,0.3755
4030,0.8141
4031,0.2148
4032,0.5467
4033,0.0295
4034,0.7888
4035,0.9014
4036,0.2536
4037,0.8949
4038,0.0584
4039,0.4501
4040,0.1234
4041,0.5142
4042,0.5252
4043,0.3808
4044,0.7438
4045,0.8733
4046,0.0248
4047,0.9211
4048,0.0844
4049,0.6841
4050,0.9577
4051,0.6375
4052,0.0710
4053,0.1416
4054,0.7721
4055,0.1941
4056,0.1336
4057,0.2949
4058,0.7569
4059,0.1072
4060,0.2153
4061,0.8185
4062,0.2306
4063,0.4413
4064,0.1919
4065,0.2134
4066,0.0435
4067,0.3799
4068,0.5059
4069,0.6458
4070,0.5330
4071,0.6013
4072,0.7946
4073,0.4676
4074,0.8874
4075,0.2449
4076,0.2988
4077,0.3717
4078,0.9497
4079,0.4784
4080,0.0952
4081,0.0812
4082,0.4400
4083,0.8726
4084,0.1915
4085,0.9480
4086,0.7233
4087,0.0608
4088,0.2203
4089,0.5079
4090,0.3229
4091,0.5296
4092,0.1719
4093,0.0503
4094,0.3686
4095,0.2064
4096,0.9802
4097,0.0933
4098,0.2458
4099,0.8716
4100,0.2816
4101,0.4040
4102,0.1688
4103,0.3656
4104,0.9475
4105,0.1528
4106,0.0927
4107,0.2174
4108,0.9298
4109,0.0461
4110,0.0892
4111,0.9720
4112,0.6359
4113,0.0604
4114,0.2855
4115,0.8088
4116,0.7605
4117,0.6251
4118,0.1329
4119,0.0530
4120,0.1572
4121,0.0799
4122,0.0665
4123,0.3338
4124,0.0459
4125,0.7050
4126,0.9308
4127,0.8310
4128,0.4107
4129,0.8881
4130,0.2715
4131,0.6022
4132,0.1989
4133,0.9135
4134,0.8172
4135,0.1252
4136,0.6592
4137,0.0513
4138,0.7571
4139,0.4378
4140,0.9420
4141,0.0626
4142,0.5000
4143,0.1438
4144,0.8311
4145,0.8731
4146,0.1561
4147,0.8260
4148,0.9785
4149,0.1961
4150,0.2947
4151,0.9714
4152,0.1912
4153,0.4316
4154,0.1291
4155,0.1091
4156,0.5484
4157,0.0703
4158,0.6787
4159,0.6882
4160,0.8147
4161,0.3898
4162,0.2749
4163,0.1885
4164,0.2660
4165,0.8906
4166,0.5000
4167,0.9088
4168,0.0289
4169,0.0966
4170,0.8232
4171,0.4460
4172,0.0779
4173,0.9142
4174,0.1744
4175,0.2988
4176,0.1473
4177,0.2324
4178,0.0902
4179,0.0590
4180,0.3886
4181,0.9493
4182,0.1137
4183,0.4382
4184,0.9327
4185,0.0836
4186,0.2232
4187,0.2494
4188,0.4629
4189,0.4912
4190,0.9501
4191,0.5604
4192,0.0479
4193,0.0406
4194,0.4189
4195,0.5000
4196,0.3401
4197,0.2653
4198,0.3620
4199,0.6195
4200,0.8516
4201,0.7746
4202,0.0831
4203,0.6431
4204,0.8178
4205,0.1204
4206,0.6578
4207,0.1131
4208,0.2503
4209,0.3215
4210,0.1929
4211,0.8165
4212,0.0393
4213,0.0421
4214,0.1155
4215,0.1668
4216,0.0420
4217,0.0725
4218,0.0526
4219,0.1848
4220,0.1316
4221,0.0666
4222,0.3517
4223,0.2530
4224,0.0753
4225,0.2444
4226,0.4528
4227,0.1343
4228,0.4508
4229,0.4329
4230,0.1096
4231,0.9401
4232,0.5000
4233,0.4569
4234,0.6667
4235,0.7564
4236,0.6861
4237,0.1497
4238,0.0424
4239,0.1184
4240,0.1512
4241,0.4496
4242,0.6346
4243,0.9762
4244,0.7236
4245,0.3659
4246,0.1970
4247,0.2746
4248,0.5675
4249,0.3917
4250,0.8910
4251,0.5441
4252,0.6778
4253,0.5739
4254,0.6193
4255,0.9847
4256,0.9771
4257,0.9709
4258,0.9287
4259,0.1710
4260,0.3441
4261,0.6595
4262,0.0745
4263,0.1412
4264,0.8141
4265,0.3722
4266,0.2512
4267,0.4296
4268,0.7947
4269,0.5817
4270,0.7639
4271,0.0387
4272,0.9019
4273,0.9326
4274,0.9772
4275,0.8940
4276,0.6802
4277,0.1975
4278,0.6188
4279,0.1060
4280,0.2825
4281,0.0271
4282,0.1718
4283,0.2328
4284,0.1949
4285,0.7625
4286,0.7396
4287,0.7076
4288,0.0951
4289,0.3945
4290,0.1084
4291,0.0895
4292,0.2167
4293,0.7165
4294,0.6846
4295,0.8191
4296,0.1715
4297,0.3782
4298,0.8966
4299,0.3027
4300,0.5704
4301,0.0387
4302,0.3096
4303,0.2757
4304,0.5296
4305,0.8892
4306,0.7536
4307,0.5862
4308,0.6146
4309,0.8086
4310,0.9784
4311,0.8565
4312,0.3231
4313,0.8435
4314,0.2099
4315,0.1125
4316,0.4319
4317,0.0757
4318,0.1622
4319,0.0297
4320,0.6732
4321,0.9124
4322,0.0823
4323,0.2782
4324,0.3904
4325,0.1027
4326,0.8046
4327,0.1589
4328,0.1033
4329,0.2378
4330,0.3155
4331,0.4850
4332,0.1740
4333,0.1837
4334,0.3674
4335,0.2682
4336,0.1253
4337,0.9775
4338,0.6558
4339,0.1677
4340,0.7925
4341,0.8063
4342,0.7210
4343,0.0534
4344,0.6007
4345,0.2216
4346,0.5000
4347,0.7323
4348,0.5056
4349,0.0447
4350,0.0357
4351,0.2581
4352,0.2063
4353,0.4115
4354,0.0499
4355,0.8695
4356,0.8214
4357,0.1022
4358,0.7307
4359,0.0433
4360,0.4469
4361,0.1179
4362,0.3026
4363,0.8011
4364,0.8497
4365,0.3156
4366,0.5262
4367,0.9691
4368,0.8261
4369,0.8818
4370,0.0763
4371,0.1438
4372,0.3939
4373,0.7841
4374,0.5885
4375,0.1816
4376,0.9609
4377,0.1435
4378,0.4702
4379,0.4351
4380,0.9095
4381,0.3083
4382,0.8965
4383,0.8092
4384,0.9361
4385,0.6756
4386,0.8238
4387,0.9055
4388,0.8673
4389,0.1292
4390,0.3944
4391,0.2322
4392,0.8733
4393,0.3970
4394,0.9656
4395,0.8852
4396,0.0583
4397,0.3602
4398,0.3366
4399,0.2362
4400,0.0742
4401,0.2249
4402,0.3464
4403,0.4916
4404,0.7541
4405,0.7343
4406,0.7054
4407,0.0781
4408,0.7458
4409,0.8194
4410,0.5727
4411,0.7506
4412,0.7712
4413,0.9553
4414,0.0840
4415,0.3179
4416,0.0618
4417,0.3047
4418,0.1546
4419,0.8470
4420,0.8458
4421,0.9374
4422,0.8754
4423,0.0397
4424,0.5747
4425,0.0433
4426,0.0827
4427,0.2350
4428,0.4152
4429,0.3684
4430,0.2557
4431,0.1249
4432,0.9219
4433,0.0641
4434,0.5755
4435,0.3002
4436,0.8158
4437,0.5325
4438,0.9312
4439,0.0970
4440,0.0598
4441,0.0283
4442,0.4205
4443,0.5889
4444,0.1877
4445,0.9387
4446,0.4723
4447,0.7850
4448,0.3567
4449,0.4384
4450,0.7819
4451,0.8904
4452,0.1332
4453,0.4758
4454,0.0260
4455,0.2311
4456,0.7674
4457,0.0823
4458,0.2657
4459,0.1180
4460,0.9525
4461,0.7642
4462,0.0773
4463,0.0311
4464,0.4068
4465,0.1169
4466,0.1119
4467,0.0943
4468,0.5000
4469,0.0662
4470,0.9001
4471,0.9082
4472,0.5586
4473,0.8943
4474,0.0609
4475,0.8318
4476,0.8436
4477,0.2007
4478,0.8074
4479,0.2587
4480,0.0950
4481,0.6445
4482,0.0781
4483,0.9251
4484,0.1240
4485,0.0474
4486,0.0345
4487,0.7877
4488,0.2848
4489,0.0250
4490,0.5753
4491,0.3060
4492,0.7351
4493,0.0476
4494,0.8277
4495,0.8407
4496,0.2442
4497,0.1805
4498,0.3590
4499,0.8520
4500,0.4893
4501,0.4766
4502,0.1606
4503,0.5728
4504,0.4128
4505,0.1124
4506,0.7153
4507,0.6984
4508,0.4804
4509,0.0308
4510,0.0664
4511,0.9356
4512,0.2545
4513,0.2005
4514,0.6491
4515,0.3553
4516,0.8213
4517,0.3829
4518,0.0361
4519,0.0708
4520,0.3946
4521,0.1924
4522,0.0335
4523,0.9288
4524,0.8587
4525,0.5781
4526,0.9656
4527,0.6771
4528,0.1740
4529,0.3442
4530,0.4580
4531,0.0698
4532,0.6295
4533,0.7323
4534,0.5173
4535,0.2522
4536,0.3473
4537,0.9419
4538,0.7879
4539,0.6018
4540,0.1042
4541,0.6551
4542,0.0778
4543,0.8619
4544,0.9744
4545,0.6307
4546,0.0417
4547,0.1481
4548,0.9146
4549,0.3504
4550,0.9718
4551,0.4093
4552,0.6671
4553,0.3000
4554,0.7346
4555,0.8216
4556,0.3618
4557,0.9566
4558,0.8629
4559,0.2600
4560,0.6791
4561,0.3663
4562,0.9021
4563,0.3062
4564,0.1144
4565,0.0305
4566,0.2208
4567,0.6239
4568,0.7129
4569,0.9499
4570,0.0328
4571,0.0944
4572,0.2208
4573,0.6797
4574,0.9678
4575,0.2143
4576,0.4693
4577,0.9122
4578,0.9112
4579,0.7322
4580,0.9579
4581,0.9735
4582,0.7716
4583,0.0359
4584,0.0585
4585,0.0483
4586,0.4141
4587,0.8727
4588,0.9006
4589,0.3855
4590,0.2637
4591,0.1948
4592,0.0327
4593,0.5770
4594,0.1785
4595,0.9230
4596,0.1347
4597,0.4375
4598,0.5704
4599,0.2937
4600,0.3482
4601,0.9839
4602,0.1657
4603,0.9093
4604,0.5531
4605,0.6246
4606,0.0298
4607,0.2579
4608,0.6779
4609,0.2423
4610,0.1251
4611,0.0596
4612,0.7076
4613,0.8541
4614,0.9402
4615,0.7399
4616,0.0913
4617,0.1269
4618,0.1950
4619,0.3046
4620,0.5573
4621,0.0243
4622,0.0750
4623,0.0816
4624,0.8277
4625,0.3234
4626,0.2909
4627,0.4390
4628,0.2260
4629,0.2261
4630,0.6680
4631,0.2272
4632,0.6800
4633,0.0874
4634,0.1253
4635,0.0964
4636,0.8772
4637,0.1431
4638,0.5854
4639,0.6018
4640,0.2960
4641,0.1155
4642,0.3190
4643,0.7724
4644,0.9218
4645,0.2165
4646,0.4107
4647,0.9405
4648,0.7616
4649,0.9447
4650,0.0254
4651,0.7123
4652,0.5743
4653,0.3947
4654,0.1031
4655,0.1330
4656,0.0357
4657,0.4674
4658,0.7073
4659,0.6553
4660,0.0662
4661,0.4071
4662,0.0649
4663,0.0685
4664,0.8038
4665,0.9196
4666,0.9752
4667,0.7777
4668,0.8349
4669,0.4075
4670,0.8054
4671,0.1786
4672,0.5711
4673,0.5000
4674,0.0625
4675,0.8555
4676,0.2742
4677,0.3912
4678,0.8833
4679,0.7863
4680,0.5000
4681,0.9671
4682,0.2377
4683,0.0578
4684,0.4928
4685,0.5538
4686,0.1279
4687,0.0635
4688,0.2408
4689,0.4720
4690,0.5093
4691,0.2435
4692,0.0406
4693,0.4763
4694,0.4630
4695,0.0158
4696,0.9425
4697,0.0480
4698,0.0763
4699,0.7061
4700,0.9763
4701,0.1882
4702,0.3499
4703,0.5966
4704,0.8512
4705,0.1837
4706,0.1292
4707,0.4154
4708,0.3067
4709,0.3203
4710,0.4151
4711,0.9568
4712,0.3313
4713,0.8844
4714,0.5566
4715,0.1673
4716,0.7336
4717,0.3532
4718,0.1220
4719,0.0997
4720,0.7418
4721,0.5660
4722,0.8793
4723,0.0213
4724,0.0242
4725,0.9285
4726,0.4707
4727,0.4657
4728,0.8692
4729,0.1285
4730,0.0671
4731,0.0755
4732,0.8210
4733,0.3385
4734,0.0328
4735,0.1501
4736,0.3663
4737,0.9659
4738,0.1912
4739,0.0608
4740,0.2376
4741,0.1707
4742,0.0861
4743,0.0344
4744,0.2261
4745,0.8815
4746,0.8276
4747,0.9116
4748,0.0390
4749,0.5597
4750,0.9515
4751,0.1765
4752,0.1563
4753,0.3832
4754,0.7342
4755,0.1728
4756,0.9788
4757,0.2249
4758,0.8154
4759,0.4342
4760,0.5213
4761,0.9672
4762,0.9262
4763,0.9795
4764,0.0220
4765,0.0631
4766,0.7239
4767,0.9654
4768,0.0905
4769,0.7669
4770,0.4415
4771,0.0640
4772,0.4186
4773,0.7059
4774,0.5707
4775,0.8032
4776,0.0367
4777,0.2058
4778,0.7711
4779,0.9021
4780,0.6860
4781,0.5421
4782,0.6607
4783,0.1359
4784,0.7578
4785,0.6151
4786,0.0959
4787,0.1549
4788,0.0775
4789,0.7522
4790,0.5350
4791,0.5168
4792,0.1003
4793,0.6543
4794,0.0919
4795,0.9264
4796,0.2427
4797,0.2192
4798,0.1273
4799,0.9297
4800,0.3901
4801,0.2044
4802,0.3174
4803,0.8238
4804,0.2187
4805,0.0555
4806,0.1482
4807,0.6193
4808,0.9289
4809,0.0497
4810,0.2244
4811,0.4173
4812,0.5942
4813,0.8233
4814,0.6371
4815,0.5647
4816,0.4548
4817,0.7221
4818,0.0482
4819,0.3370
4820,0.1991
4821,0.8953
4822,0.7581
4823,0.3868
4824,0.6139
4825,0.4361
4826,0.1390
4827,0.0995
4828,0.3004
4829,0.4683
4830,0.5600
4831,0.8692
4832,0.9176
4833,0.9214
4834,0.3708
4835,0.7425
4836,0.0906
4837,0.1216
4838,0.9501
4839,0.0478
4840,0.1882
4841,0.3649
4842,0.2729
4843,0.0276
4844,0.5719
4845,0.5478
4846,0.3974
4847,0.0940
4848,0.1896
4849,0.3506
4850,0.4830
4851,0.7142
4852,0.0713
4853,0.1130
4854,0.0804
4855,0.5000
4856,0.8596
4857,0.6838
4858,0.0590
4859,0.2427
4860,0.0992
4861,0.1389
4862,0.1703
4863,0.0768
4864,0.5161
4865,0.0779
4866,0.1439
4867,0.1206
4868,0.3140
4869,0.2769
4870,0.9243
4871,0.6012
4872,0.5641
4873,0.3803
4874,0.0135
4875,0.0536
4876,0.0277
4877,0.3719
4878,0.9557
4879,0.4413
4880,0.0716
4881,0.5866
4882,0.8502
4883,0.1044
4884,0.7696
4885,0.4227
4886,0.1008
4887,0.5101
4888,0.1160
4889,0.7367
4890,0.1274
4891,0.8455
4892,0.9456
4893,0.5263
4894,0.0663
4895,0.0589
4896,0.7491
4897,0.2135
4898,0.2708
4899,0.0528
4900,0.0830
4901,0.4667
4902,0.0594
4903,0.5607
4904,0.6568
4905,0.1246
4906,0.1749
4907,0.2218
4908,0.1124
4909,0.2241
4910,0.7703
4911,0.3463
4912,0.7146
4913,0.3928
4914,0.7905
4915,0.3187
4916,0.2465
4917,0.5794
4918,0.1369
4919,0.0418
4920,0.8320
4921,0.3842
4922,0.2225
4923,0.4137
4924,0.4046
4925,0.2133
4926,0.6113
4927,0.6963
4928,0.4907
4929,0.7594
4930,0.3951
4931,0.3460
4932,0.1694
4933,0.5727
4934,0.1892
4935,0.5760
4936,0.3697
4937,0.8961
4938,0.9449
4939,0.0635
4940,0.5000
4941,0.4198
4942,0.8423
4943,0.9051
4944,0.0528
4945,0.0404
4946,0.0713
4947,0.8111
4948,0.8871
4949,0.9072
4950,0.9485
4951,0.0683
4952,0.0931
4953,0.5449
4954,0.7505
4955,0.9497
4956,0.9370
4957,0.7496
4958,0.9611
4959,0.1435
4960,0.7936
4961,0.1183
4962,0.3809
4963,0.1757
4964,0.2352
4965,0.0467
4966,0.0740
4967,0.0297
4968,0.0365
4969,0.2654
4970,0.1315
4971,0.7086
4972,0.4612
4973,0.2172
4974,0.0250
4975,0.4918
4976,0.2638
4977,0.9149
4978,0.8702
4979,0.1577
4980,0.0569
4981,0.1715
4982,0.1676
4983,0.9240
4984,0.5527
4985,0.5000
4986,0.4837
4987,0.6779
4988,0.4945
4989,0.2426
4990,0.4921
4991,0.4644
4992,0.4103
4993,0.0323
4994,0.6184
4995,0.1889
4996,0.1154
4997,0.9714
4998,0.8473
4999,0.1293
